[
  {
    "code":"au",
    "sha":"47161b0e48bc6d0ce7be0fc217b4d611ad021b84",
    "url":"https://www.missionchief-australia.com/"
  },
  {
    "code":"de",
    "sha":"e884676c5b4410660580cec541ae41008c640acf",
    "url":"https://www.leitstellenspiel.de/"
  },
  {
    "code":"dk",
    "sha":"bf28688990ce03af0bbcfdc94c9eb6896dae88c4",
    "url":"https://www.alarmcentral-spil.dk/"
  },
  {
    "code":"es",
    "sha":"c0e466bccbdb8a0695afbe938e86e0c6d1eb22a2",
    "url":"https://www.centro-de-mando.es/"
  },
  {
    "code":"fi",
    "sha":"82480ccb7e66d4c120e9e9872d71b22370db1594",
    "url":"https://www.hatakeskuspeli.com/"
  },
  {
    "code":"fr",
    "sha":"3092623217de2a7e67f7dfe4534278217c68d197",
    "url":"https://www.operateur112.fr/"
  },
  {
    "code":"it",
    "sha":"8ad39365915ab45bf3b7834a77c8c67bd0d91b67",
    "url":"https://www.operatore112.it/"
  },
  {
    "code":"jp",
    "sha":"0fdfde1b7da1db6ab7475871f54071f086c00fba",
    "url":"https://www.missionchief-japan.com/"
  },
  {
    "code":"kr",
    "sha":"0d36bab6f7c312b9b3d766afd0b64cc28c9f7b2a",
    "url":"https://www.missionchief-korea.com/"
  },
  {
    "code":"nl",
    "sha":"b4d9c1a6e18fe1e6b2dd0a970e3a5530be3edd33",
    "url":"https://www.meldkamerspel.com/"
  },
  {
    "code":"no",
    "sha":"3e87efed00a4088471946a92f985c4381bcd145c",
    "url":"https://www.nodsentralspillet.com/"
  },
  {
    "code":"pl",
    "sha":"60657647326070dd2b334964a5b60ac4dae1df77",
    "url":"https://www.operatorratunkowy.pl/"
  },
  {
    "code":"ro",
    "sha":"0d12b984966c6994701c9450f1462911257144fd",
    "url":"https://www.jocdispecerat112.com/"
  },
  {
    "code":"ru",
    "sha":"98ee826df0a2ddd6191ddfcb005e591dbcd6fb69",
    "url":"https://www.dispetcher112.ru/"
  },
  {
    "code":"se",
    "sha":"a1c4f5dc3e94869d16ca1eb9ebe318809b1d5c70",
    "url":"https://www.larmcentralen-spelet.se/"
  },
  {
    "code":"uk",
    "sha":"9a33dcde776c80acf85eed5e4b9a5f59d1c3191b",
    "url":"https://www.missionchief.co.uk/"
  },
  {
    "code":"us",
    "sha":"15047db65446cb9d8eb4ebf693eb56ecc6d1ccda",
    "url":"https://www.missionchief.com/"
  }
]